﻿{"cameraMode":{"drawMode":0,"name":"Shaded","section":"Shading Mode"},"sceneLighting":true,"audioPlay":false,"sceneViewState":{"showFog":true,"showMaterialUpdate":false,"showSkybox":true,"showFlares":true,"showImageEffects":true,"showParticleSystems":true},"in2DMode":false,"pivot":{"x":0.26658469438552859,"y":-14.4933500289917,"z":-3.5613913536071779},"rotation":{"x":-0.6742312908172607,"y":0.0521431565284729,"z":-0.047823477536439899,"w":-0.7351232767105103},"size":24.93149185180664,"orthographic":false}