﻿{"cameraMode":{"drawMode":0,"name":"Shaded","section":"Shading Mode"},"sceneLighting":false,"audioPlay":false,"sceneViewState":{"showFog":true,"showMaterialUpdate":false,"showSkybox":false,"showFlares":true,"showImageEffects":true,"showParticleSystems":true},"in2DMode":false,"pivot":{"x":0.07758712768554688,"y":-0.8780861496925354,"z":0.5110353231430054},"rotation":{"x":0.1188168004155159,"y":0.7098824381828308,"z":-0.6831589341163635,"w":0.12346450984477997},"size":5.746395587921143,"orthographic":false}